{
    "nodes": [
        1,
        2,
        3,
        4,
        5,
        6,
        7,
        8,
        9,
        10,
        11,
        12,
        13,
        14,
        15,
        16,
        17,
        18
    ],
    "edges": [
        [
            1,
            17
        ],
        [
            2,
            12
        ],
        [
            3,
            4
        ],
        [
            4,
            15
        ],
        [
            5,
            14
        ],
        [
            6,
            14
        ],
        [
            7,
            6
        ],
        [
            8,
            9
        ],
        [
            9,
            13
        ],
        [
            10,
            18
        ],
        [
            11,
            10
        ],
        [
            12,
            5
        ],
        [
            13,
            2
        ],
        [
            13,
            3
        ],
        [
            14,
            11
        ],
        [
            15,
            1
        ],
        [
            16,
            8
        ],
        [
            17,
            7
        ]
    ],
    "nnodes": 18,
    "nedges": 18,
    "ncones": 18,
    "x": [
        48.8700073242343,
        4.72499999999695,
        21.5100016276037,
        33.5700032551242,
        11.2050048828583,
        32.3100097655715,
        42.2100097656127,
        10.1700032552103,
        9.81000162760458,
        7.47000325517544,
        14.9400065103901,
        0.0,
        9.45000000000002,
        22.410009765625,
        45.6300048828125,
        10.5300048828125,
        52.110009765625,
        0.0
    ],
    "y": [
        44.550012206977,
        34.4250122070263,
        46.7100179036456,
        51.3000162760096,
        23.3550048827986,
        24.3900065103928,
        28.8000081380153,
        68.7600260417403,
        55.4400227864733,
        6.66000162757479,
        13.3200032551846,
        26.7300048828125,
        42.12001953125,
        19.9800048828125,
        55.8900146484375,
        82.080029296875,
        33.210009765625,
        0.0
    ],
    "z": [
        0,
        0,
        0,
        0,
        0,
        0,
        0,
        0,
        0,
        0,
        0,
        0,
        0,
        0,
        0,
        0,
        0,
        0
    ],
    "edge_x": [
        48.8700073242343,
        52.110009765625,
        null,
        4.72499999999695,
        0.0,
        null,
        21.5100016276037,
        33.5700032551242,
        null,
        33.5700032551242,
        45.6300048828125,
        null,
        11.2050048828583,
        22.410009765625,
        null,
        32.3100097655715,
        22.410009765625,
        null,
        42.2100097656127,
        32.3100097655715,
        null,
        10.1700032552103,
        9.81000162760458,
        null,
        9.81000162760458,
        9.45000000000002,
        null,
        7.47000325517544,
        0.0,
        null,
        14.9400065103901,
        7.47000325517544,
        null,
        0.0,
        11.2050048828583,
        null,
        9.45000000000002,
        4.72499999999695,
        null,
        9.45000000000002,
        21.5100016276037,
        null,
        22.410009765625,
        14.9400065103901,
        null,
        45.6300048828125,
        48.8700073242343,
        null,
        10.5300048828125,
        10.1700032552103,
        null,
        52.110009765625,
        42.2100097656127,
        null
    ],
    "edge_y": [
        44.550012206977,
        33.210009765625,
        null,
        34.4250122070263,
        26.7300048828125,
        null,
        46.7100179036456,
        51.3000162760096,
        null,
        51.3000162760096,
        55.8900146484375,
        null,
        23.3550048827986,
        19.9800048828125,
        null,
        24.3900065103928,
        19.9800048828125,
        null,
        28.8000081380153,
        24.3900065103928,
        null,
        68.7600260417403,
        55.4400227864733,
        null,
        55.4400227864733,
        42.12001953125,
        null,
        6.66000162757479,
        0.0,
        null,
        13.3200032551846,
        6.66000162757479,
        null,
        26.7300048828125,
        23.3550048827986,
        null,
        42.12001953125,
        34.4250122070263,
        null,
        42.12001953125,
        46.7100179036456,
        null,
        19.9800048828125,
        13.3200032551846,
        null,
        55.8900146484375,
        44.550012206977,
        null,
        82.080029296875,
        68.7600260417403,
        null,
        33.210009765625,
        28.8000081380153,
        null
    ],
    "edge_z": [
        0,
        0,
        null,
        0,
        0,
        null,
        0,
        0,
        null,
        0,
        0,
        null,
        0,
        0,
        null,
        0,
        0,
        null,
        0,
        0,
        null,
        0,
        0,
        null,
        0,
        0,
        null,
        0,
        0,
        null,
        0,
        0,
        null,
        0,
        0,
        null,
        0,
        0,
        null,
        0,
        0,
        null,
        0,
        0,
        null,
        0,
        0,
        null,
        0,
        0,
        null,
        0,
        0,
        null
    ],
    "pressure_gradient": [
        5281.15735790992,
        5277.92671861073,
        null,
        5284.41686921763,
        5284.29620878988,
        null,
        5284.48768549995,
        5284.43784135452,
        null,
        5284.43784135452,
        5284.38799720909,
        null,
        5275.86001181706,
        5267.42381484446,
        null,
        5270.92478276654,
        5267.42381484446,
        null,
        5274.42575068863,
        5270.92478276654,
        null,
        5316.7791765485,
        5300.65835309689,
        null,
        5300.65835309689,
        5284.53752964538,
        null,
        5260.39343190233,
        5256.87824043131,
        null,
        5263.90862337338,
        5260.39343190233,
        null,
        5284.29620878988,
        5275.86001181706,
        null,
        5284.53752964538,
        5284.41686921763,
        null,
        5284.53752964538,
        5284.48768549995,
        null,
        5267.42381484446,
        5263.90862337338,
        null,
        5284.38799720909,
        5281.15735790992,
        null,
        5332.9,
        5316.7791765485,
        null,
        5277.92671861073,
        5274.42575068863,
        null
    ],
    "x_cone": [
        50.4900085449297,
        2.36249999999848,
        27.540002441364,
        39.6000040689683,
        16.8075073242417,
        27.3600097655983,
        37.2600097655921,
        9.99000244140746,
        9.6300008138023,
        3.73500162758772,
        11.2050048827828,
        5.60250244142916,
        7.08749999999849,
        15.4800008138019,
        18.6750081380076,
        47.2500061035234,
        10.3500040690114,
        47.1600097656189
    ],
    "y_cone": [
        38.880010986301,
        30.5775085449194,
        49.0050170898276,
        53.5950154622236,
        21.6675048828056,
        22.1850056966026,
        26.595007324204,
        62.1000244141068,
        48.7800211588616,
        3.33000081378739,
        9.99000244137969,
        25.0425048828056,
        38.2725158691381,
        44.4150187174478,
        16.6500040689985,
        50.2200134277072,
        75.4200276693077,
        31.0050089518201
    ],
    "z_cone": [
        0,
        0,
        0,
        0,
        0,
        0,
        0,
        0,
        0,
        0,
        0,
        0,
        0,
        0,
        0,
        0,
        0,
        0
    ],